{
  "base_rate": 0.1913,
  "MLP": {
    "acc": 0.8353333333333334,
    "f1": 0.6035313001605136,
    "f1_macro": 0.7498094027096216,
    "roc_auc": 0.8993453613725867,
    "pr_auc": 0.6304337452546875
  },
  "CGCNN": {
    "acc": 0.964,
    "f1": 0.9035714285714286,
    "f1_macro": 0.9407201405152225,
    "roc_auc": 0.9938270363742384,
    "pr_auc": 0.977622781354318
  },
  "alignment_frac": 0.999905228472283,
  "mean_bond_A": 2.9518329375893595
}