{
  "meta": {
    "seed": 0,
    "k": 16,
    "epochs": 250,
    "features": "radius-only",
    "pyvoro_validation": {
      "perfect_pyvoro": 1912,
      "perfect_fo_list": 1913,
      "perfect_f1": 0.9997385620915032,
      "perfect_agreement": 0.9999,
      "like_agreement": 0.9144,
      "full_index_match": 0.7973
    }
  },
  "source": {
    "base_rate": 0.1913,
    "test": {
      "n": 1500,
      "base_rate": 0.19133333333333333,
      "true_frac": 0.19133333333333333,
      "pred_frac": 0.168,
      "acc": 0.9473333333333334,
      "f1": 0.8534322820037106,
      "roc_auc": 0.9849683021621171,
      "pr_auc": 0.9490400046293745
    }
  },
  "targets": {
    "CuZrAl-Al05": {
      "n": 10976,
      "base_rate": 0.005010932944606414,
      "true_frac": 0.005010932944606414,
      "pred_frac": 0.0,
      "acc": 0.9949890670553936,
      "f1": 0.0,
      "roc_auc": 0.6290432944036093,
      "pr_auc": 0.007053782983483603,
      "family": "Cu-Zr-Al",
      "comp": 5,
      "N": 10976
    },
    "CuZrAl-Al10": {
      "n": 10976,
      "base_rate": 0.009201895043731778,
      "true_frac": 0.009201895043731778,
      "pred_frac": 0.0,
      "acc": 0.9907981049562682,
      "f1": 0.0,
      "roc_auc": 0.6531876635939456,
      "pr_auc": 0.017005593116741668,
      "family": "Cu-Zr-Al",
      "comp": 10,
      "N": 10976
    },
    "CuZrAl-Al15": {
      "n": 10976,
      "base_rate": 0.013575072886297376,
      "true_frac": 0.013575072886297376,
      "pred_frac": 0.0,
      "acc": 0.9864249271137027,
      "f1": 0.0,
      "roc_auc": 0.7110393293425645,
      "pr_auc": 0.02352364557395147,
      "family": "Cu-Zr-Al",
      "comp": 15,
      "N": 10976
    },
    "CuZrAl-Al20": {
      "n": 10976,
      "base_rate": 0.020590379008746357,
      "true_frac": 0.020590379008746357,
      "pred_frac": 9.110787172011662e-05,
      "acc": 0.9793185131195336,
      "f1": 0.0,
      "roc_auc": 0.7605869520477464,
      "pr_auc": 0.04175721592126409,
      "family": "Cu-Zr-Al",
      "comp": 20,
      "N": 10976
    },
    "CuZrAl-Al25": {
      "n": 10976,
      "base_rate": 0.02295918367346939,
      "true_frac": 0.02295918367346939,
      "pred_frac": 0.003826530612244898,
      "acc": 0.9732142857142857,
      "f1": 0.0,
      "roc_auc": 0.7593711331355868,
      "pr_auc": 0.04464751371895111,
      "family": "Cu-Zr-Al",
      "comp": 25,
      "N": 10976
    },
    "CuZr4654": {
      "n": 11664,
      "base_rate": 0.02554869684499314,
      "true_frac": 0.02554869684499314,
      "pred_frac": 0.0003429355281207133,
      "acc": 0.9747942386831275,
      "f1": 0.026490066225165563,
      "roc_auc": 0.8415600159193732,
      "pr_auc": 0.45101690702753244,
      "family": "CuZr",
      "comp": 46,
      "N": 11664
    },
    "CuZr5050": {
      "n": 11664,
      "base_rate": 0.030435528120713307,
      "true_frac": 0.030435528120713307,
      "pred_frac": 0.00102880658436214,
      "acc": 0.9705932784636488,
      "f1": 0.0653950953678474,
      "roc_auc": 0.8633158932372198,
      "pr_auc": 0.46146255644891515,
      "family": "CuZr",
      "comp": 50,
      "N": 11664
    },
    "CuZr6436": {
      "n": 13500,
      "base_rate": 0.11074074074074074,
      "true_frac": 0.11074074074074074,
      "pred_frac": 0.05311111111111111,
      "acc": 0.9352592592592592,
      "f1": 0.604882459312839,
      "roc_auc": 0.9640988495596177,
      "pr_auc": 0.8306770138639497,
      "family": "CuZr",
      "comp": 64,
      "N": 13500
    },
    "NiZr4654": {
      "n": 11664,
      "base_rate": 0.00565843621399177,
      "true_frac": 0.00565843621399177,
      "pred_frac": 8.573388203017832e-05,
      "acc": 0.9944272976680384,
      "f1": 0.02985074626865672,
      "roc_auc": 0.954289402039014,
      "pr_auc": 0.5542366647862828,
      "family": "NiZr",
      "comp": 46,
      "N": 11664
    },
    "NiZr5050": {
      "n": 11664,
      "base_rate": 0.009344993141289438,
      "true_frac": 0.009344993141289438,
      "pred_frac": 0.0,
      "acc": 0.9906550068587106,
      "f1": 0.0,
      "roc_auc": 0.9826001691153994,
      "pr_auc": 0.5764741365037248,
      "family": "NiZr",
      "comp": 50,
      "N": 11664
    },
    "NiZr6436": {
      "n": 13500,
      "base_rate": 0.02666666666666667,
      "true_frac": 0.02666666666666667,
      "pred_frac": 0.00014814814814814815,
      "acc": 0.9734814814814815,
      "f1": 0.011049723756906079,
      "roc_auc": 0.9287749450363605,
      "pr_auc": 0.4905278100436736,
      "family": "NiZr",
      "comp": 64,
      "N": 13500
    },
    "CoW-10": {
      "n": 11520,
      "base_rate": 0.07065972222222222,
      "true_frac": 0.07065972222222222,
      "pred_frac": 0.008506944444444444,
      "acc": 0.9342013888888889,
      "f1": 0.16885964912280702,
      "roc_auc": 0.9447455581866192,
      "pr_auc": 0.5895288612709766,
      "family": "Co-W",
      "comp": 10,
      "N": 11520
    },
    "CoW-15": {
      "n": 11520,
      "base_rate": 0.10078125,
      "true_frac": 0.10078125,
      "pred_frac": 0.018315972222222223,
      "acc": 0.9133680555555556,
      "f1": 0.2725947521865889,
      "roc_auc": 0.9306184463546784,
      "pr_auc": 0.6508488693909334,
      "family": "Co-W",
      "comp": 15,
      "N": 11520
    },
    "CoW-20": {
      "n": 11520,
      "base_rate": 0.11762152777777778,
      "true_frac": 0.11762152777777778,
      "pred_frac": 0.024739583333333332,
      "acc": 0.8979166666666667,
      "f1": 0.2829268292682927,
      "roc_auc": 0.922302270833825,
      "pr_auc": 0.6371978300480224,
      "family": "Co-W",
      "comp": 20,
      "N": 11520
    },
    "CoW-25": {
      "n": 11520,
      "base_rate": 0.1296875,
      "true_frac": 0.1296875,
      "pred_frac": 0.037934027777777775,
      "acc": 0.8934895833333333,
      "f1": 0.36457793889176593,
      "roc_auc": 0.9226372208696481,
      "pr_auc": 0.6633963307160977,
      "family": "Co-W",
      "comp": 25,
      "N": 11520
    },
    "CoW-30": {
      "n": 11520,
      "base_rate": 0.128125,
      "true_frac": 0.128125,
      "pred_frac": 0.04496527777777778,
      "acc": 0.8998263888888889,
      "f1": 0.4212637913741224,
      "roc_auc": 0.9127841224897714,
      "pr_auc": 0.6602794959955925,
      "family": "Co-W",
      "comp": 30,
      "N": 11520
    },
    "CoW-35": {
      "n": 11520,
      "base_rate": 0.1329861111111111,
      "true_frac": 0.1329861111111111,
      "pred_frac": 0.05720486111111111,
      "acc": 0.8974826388888889,
      "f1": 0.46097672295755365,
      "roc_auc": 0.9120805933177254,
      "pr_auc": 0.6484457673133691,
      "family": "Co-W",
      "comp": 35,
      "N": 11520
    },
    "CoW-40": {
      "n": 11520,
      "base_rate": 0.12612847222222223,
      "true_frac": 0.12612847222222223,
      "pred_frac": 0.07048611111111111,
      "acc": 0.90390625,
      "f1": 0.5112582781456952,
      "roc_auc": 0.9068470429129649,
      "pr_auc": 0.6373234069829621,
      "family": "Co-W",
      "comp": 40,
      "N": 11520
    },
    "CoW-45": {
      "n": 11664,
      "base_rate": 0.12465706447187928,
      "true_frac": 0.12465706447187928,
      "pred_frac": 0.08667695473251029,
      "acc": 0.9025205761316872,
      "f1": 0.5387423935091277,
      "roc_auc": 0.9084488802546793,
      "pr_auc": 0.6302121196626828,
      "family": "Co-W",
      "comp": 45,
      "N": 11664
    },
    "CoW-50": {
      "n": 11664,
      "base_rate": 0.10382373113854595,
      "true_frac": 0.10382373113854595,
      "pred_frac": 0.09936556927297668,
      "acc": 0.9151234567901234,
      "f1": 0.5822784810126582,
      "roc_auc": 0.9131841612919867,
      "pr_auc": 0.6491416724895724,
      "family": "Co-W",
      "comp": 50,
      "N": 11664
    },
    "CoW-55": {
      "n": 11664,
      "base_rate": 0.10913923182441701,
      "true_frac": 0.10913923182441701,
      "pred_frac": 0.12645747599451304,
      "acc": 0.9084362139917695,
      "f1": 0.611353711790393,
      "roc_auc": 0.9229721200358972,
      "pr_auc": 0.6843684860790337,