{
  "descriptors": [
    "weinberg",
    "pfull",
    "idx4",
    "ico_strict",
    "ico"
  ],
  "n_atoms": 13500,
  "n_frames": 11,
  "flip_rate": {
    "weinberg": 0.21918518518518515,
    "pfull": 0.2128148148148148,
    "idx4": 0.2128148148148148,
    "ico_strict": 0.00851851851851848,
    "ico": 0.00851851851851848
  },
  "context": {
    "n_unique_weinberg": 1928,
    "n_unique_pfull": 545,
    "n_unique_idx4": 439,
    "ico_frac": 0.1102962962962963,
    "ico_strict_frac": 0.1102962962962963
  },
  "sigma_sweep": {
    "sigma": [
      0.0,
      0.02,
      0.05,
      0.08,
      0.1,
      0.12,
      0.15
    ],
    "weinberg": [
      1.0,
      0.8634074074074074,
      0.6913333333333334,
      0.5856296296296296,
      0.5056296296296297,
      0.46474074074074073,
      0.3691111111111111
    ],
    "pfull": [
      1.0,
      0.868,
      0.7003703703703704,
      0.5980740740740741,
      0.5202222222222223,
      0.480962962962963,
      0.38637037037037036
    ],
    "idx4": [
      1.0,
      0.8681481481481481,
      0.7003703703703704,
      0.5980740740740741,
      0.5203703703703704,
      0.48118518518518516,
      0.38666666666666666
    ],
    "ico_strict": [
      1.0,
      0.9954814814814815,
      0.9877037037037038,
      0.9807407407407407,
      0.9737037037037037,
      0.973037037037037,
      0.9594814814814815
    ],
    "ico": [
      1.0,
      0.9954814814814815,
      0.9877037037037038,
      0.9807407407407407,
      0.9737037037037037,
      0.973037037037037,
      0.9594814814814815
    ]
  },
  "voronoi": "standard (VoroTop)"
}