{
  "descriptors": [
    "weinberg",
    "pfull",
    "idx4",
    "coord_n5",
    "coord_n5like",
    "n5",
    "coord",
    "famcanon",
    "family",
    "ico"
  ],
  "n_atoms": 13500,
  "n_frames": 11,
  "sigma_cal": 0.05,
  "n_replica": 8,
  "largest_family_frac": 0.9843703703703703,
  "singleton_family_frac": 0.9381443298969072,
  "n_classes": {
    "weinberg": 1928,
    "pfull": 545,
    "idx4": 439,
    "coord_n5": 107,
    "coord_n5like": 19,
    "n5": 13,
    "coord": 11,
    "famcanon": 1748,
    "family": 194,
    "ico": 2
  },
  "entropy_bits": {
    "weinberg": 7.656430191085269,
    "pfull": 6.2183699900507206,
    "idx4": 6.1665193007620385,
    "coord_n5": 5.290769900619287,
    "coord_n5like": 3.510190431117145,
    "n5": 3.007014137100177,
    "coord": 2.6886365336771614,
    "famcanon": 7.582639024572346,
    "family": 0.23357811661829658,
    "ico": 0.5008090308623934
  },
  "flip_rate": {
    "weinberg": 0.21918518518518515,
    "pfull": 0.2128148148148148,
    "idx4": 0.2128148148148148,
    "coord_n5": 0.19511111111111112,
    "coord_n5like": 0.1319259259259259,
    "n5": 0.18614814814814817,
    "coord": 0.10851851851851857,
    "famcanon": 0.19933333333333336,
    "family": 0.015037037037037071,
    "ico": 0.00851851851851848
  },
  "sigma_sweep": {
    "sigma": [
      0.0,
      0.02,
      0.05,
      0.08,
      0.1,
      0.12,
      0.15
    ],
    "weinberg": [
      1.0,
      0.8634074074074074,
      0.6913333333333334,
      0.5856296296296296,
      0.5056296296296297,
      0.46474074074074073,
      0.3691111111111111
    ],
    "pfull": [
      1.0,
      0.868,
      0.7003703703703704,
      0.5980740740740741,
      0.5202222222222223,
      0.480962962962963,
      0.38637037037037036
    ],
    "idx4": [
      1.0,
      0.8681481481481481,
      0.7003703703703704,
      0.5980740740740741,
      0.5203703703703704,
      0.48118518518518516,
      0.38666666666666666
    ],
    "coord_n5": [
      1.0,
      0.8806666666666667,
      0.7232592592592593,
      0.6208888888888889,
      0.5462222222222223,
      0.5094074074074074,
      0.4134074074074074
    ],
    "coord_n5like": [
      1.0,
      0.9251851851851852,
      0.8111851851851852,
      0.7325185185185186,
      0.6759259259259259,
      0.6458518518518519,
      0.5592592592592592
    ],
    "n5": [
      1.0,
      0.8885925925925926,
      0.7494074074074074,
      0.6608888888888889,
      0.5973333333333334,
      0.567037037037037,
      0.4811111111111111
    ],
    "coord": [
      1.0,
      0.9394074074074074,
      0.8477037037037037,
      0.7807407407407407,
      0.7348148148148148,
      0.703037037037037,
      0.6308888888888889
    ],
    "famcanon": [
      1.0,
      0.8782962962962962,
      0.7184444444444444,
      0.607925925925926,
      0.5258518518518519,
      0.48185185185185186,
      0.3811851851851852
    ],
    "family": [
      1.0,
      0.9938518518518519,
      0.981925925925926,
      0.9643703703703703,
      0.9525925925925925,
      0.9416296296296296,
      0.9247407407407408
    ],
    "ico": [
      1.0,
      0.9954814814814815,
      0.9877037037037038,
      0.9807407407407407,
      0.9737037037037037,
      0.973037037037037,
      0.9594814814814815
    ]
  }
}