{
  "n_test": 2025,
  "n_coord": 21,
  "denoise_vs_consensus": {
    "coord_gnn": 0.5430303030303031,
    "coord_voro": 0.9673625140291807,
    "ico_gnn": 0.8647362514029182,
    "ico_voro": 0.992547699214366,
    "joint_gnn": 0.4760044893378226,
    "joint_voro": 0.9620650953984289
  },
  "flip_rate": {
    "coord_gnn": 0.040000000000000036,
    "coord_voro": 0.11950617283950615,
    "ico_gnn": 0.030617283950617247,
    "ico_voro": 0.028148148148148144
  },
  "accuracy": {
    "coord_exact": 0.5422222222222223,
    "coord_within1": 0.8325925925925926,
    "ico_f1": 0.6714285714285715
  },
  "sigma_sweep": {
    "sigma": [
      0.0,
      0.02,
      0.05,
      0.08,
      0.1,
      0.12,
      0.15
    ],
    "coord_gnn": [
      1.0,
      0.971358024691358,
      0.9535802469135802,
      0.9190123456790124,
      0.9041975308641975,
      0.8790123456790123,
      0.8232098765432099
    ],
    "coord_voro": [
      1.0,
      0.9392592592592592,
      0.851358024691358,
      0.7693827160493827,
      0.7303703703703703,
      0.6898765432098766,
      0.6449382716049382
    ],
    "ico_gnn": [
      1.0,
      0.9837037037037037,
      0.9664197530864198,
      0.9441975308641976,
      0.9204938271604939,
      0.9091358024691358,
      0.88
    ],
    "ico_voro": [
      1.0,
      0.9861728395061728,
      0.9679012345679012,
      0.9422222222222222,
      0.9234567901234568,
      0.9234567901234568,
      0.908641975308642
    ]
  }
}