{
  "n_atoms": 13500,
  "n_frames": 11,
  "lambdas": [
    0.0,
    0.005,
    0.01,
    0.02,
    0.03,
    0.05,
    0.08
  ],
  "sweep_lambdas": [
    0.0,
    0.01,
    0.03
  ],
  "flip": {
    "idx4": [
      0.21140740740740738,
      0.26548148148148143,
      0.2631851851851852,
      0.26422222222222225,
      0.27614814814814814,
      0.33444444444444443,
      0.4946666666666667
    ],
    "coord": [
      0.11955555555555553,
      0.10155555555555551,
      0.09622222222222221,
      0.09570370370370374,
      0.10696296296296293,
      0.18088888888888888,
      0.37777777777777777
    ],
    "ico_like": [
      0.029629629629629672,
      0.029703703703703677,
      0.029333333333333322,
      0.028592592592592614,
      0.026962962962962966,
      0.017555555555555546,
      0.0012592592592592933
    ]
  },
  "entropy": {
    "idx4": [
      5.892449749506248,
      6.516928327508965,
      6.606347013848481,
      6.688508678468203,
      6.743833686290818,
      6.656592412841509,
      5.985778300882535
    ],
    "coord": [
      3.028069684918759,
      2.9771232725816654,
      2.9721779880716843,
      2.9929947399035868,
      3.0066034203749727,
      2.8049572265426614,
      2.572648482416916
    ],
    "ico_like": [
      0.7545830607127517,
      0.7534843054245726,
      0.7496150924317682,
      0.7320332837352947,
      0.6930283686032682,
      0.5551993102939982,
      0.007207667720328659
    ]
  },
  "sigma_sweep": {
    "sigma": [
      0.0,
      0.02,
      0.05,
      0.08,
      0.1,
      0.12,
      0.15
    ],
    "idx4": {
      "0.0": [
        1.0,
        0.8864444444444445,
        0.7378518518518519,
        0.6216296296296296,
        0.5605185185185185,
        0.5045185185185185,
        0.43437037037037035
      ],
      "0.01": [
        1.0,
        0.8564444444444445,
        0.6731111111111111,
        0.5425925925925926,
        0.472,
        0.41874074074074075,
        0.3502222222222222
      ],
      "0.03": [
        1.0,
        0.8480740740740741,
        0.656,
        0.5230370370370371,
        0.45081481481481483,
        0.389037037037037,
        0.3117037037037037
      ]
    },
    "coord": {
      "0.0": [
        1.0,
        0.9395555555555556,
        0.8509629629629629,
        0.7751111111111111,
        0.7334814814814815,
        0.6854814814814815,
        0.6310370370370371
      ],
      "0.01": [
        1.0,
        0.9500740740740741,
        0.8765185185185185,
        0.8132592592592592,
        0.7765925925925926,
        0.7389629629629629,
        0.698962962962963
      ],
      "0.03": [
        1.0,
        0.9444444444444444,
        0.8583703703703703,
        0.791037037037037,
        0.7482222222222222,
        0.7048148148148148,
        0.6374074074074074
      ]
    }
  }
}