{
  "n_test": 2025,
  "lam": 0.0,
  "base_flip_rate": {
    "coord": 0.11950617283950617,
    "ico": 0.028148148148148148
  },
  "scores": {
    "coord_entropy": {
      "roc_auc": 0.6472770843086451,
      "spearman": 0.16767911750119868
    },
    "coord_jitter": {
      "roc_auc": 0.5491116745386871,
      "spearman": 0.0549258347026936
    },
    "ico_entropy": {
      "roc_auc": 0.6365978462416204,
      "spearman": 0.07828960098739084
    },
    "ico_jitter": {
      "roc_auc": 0.6234533233490229,
      "spearman": 0.08139853490600388
    }
  },
  "reliability": {
    "bin_uncertainty": [
      0.0,
      0.0,
      0.049876847290640396,
      0.125,
      0.15517241379310345,
      0.25,
      0.3162128712871287,
      0.40284653465346537,
      0.5426980198019802,
      0.7543316831683168
    ],
    "actual_flip_rate": [
      0.10837438423645321,
      0.07881773399014778,
      0.11330049261083744,
      0.12315270935960591,
      0.11330049261083744,
      0.09405940594059406,
      0.1485148514851485,
      0.14356435643564355,
      0.10891089108910891,
      0.16336633663366337
    ]
  }
}