{
  "n_test": 2025,
  "lam": 4.0,
  "base_flip_rate": {
    "coord": 0.11950617283950617,
    "ico": 0.028148148148148148
  },
  "scores": {
    "coord_entropy": {
      "roc_auc": 0.6307168714628053,
      "spearman": 0.14945193194561296
    },
    "coord_jitter": {
      "roc_auc": 0.47124588051524263,
      "spearman": -0.036449858554573784
    },
    "ico_entropy": {
      "roc_auc": 0.6883914562829839,
      "spearman": 0.10765845390525494
    },
    "ico_jitter": {
      "roc_auc": 0.6669563899586364,
      "spearman": 0.13045791325451064
    }
  },
  "reliability": {
    "bin_uncertainty": [
      0.0,
      0.0,
      0.0,
      0.0,
      0.0,
      0.003094059405940594,
      0.125,
      0.19245049504950495,
      0.3180693069306931,
      0.5773514851485149
    ],
    "actual_flip_rate": [
      0.12315270935960591,
      0.15270935960591134,
      0.12315270935960591,
      0.14285714285714285,
      0.12315270935960591,
      0.12376237623762376,
      0.08415841584158416,
      0.08415841584158416,
      0.12871287128712872,
      0.10891089108910891
    ]
  }
}